Artist,Energy, Danceability, Speechiness 
Artist1,1.459,0.895567,0.059239,3,7
Artist2,1.412393,0.578902,0.161,3,7
Artist3,1.7005,1.357,0.365927,3,7
Artist4,1.111278,0.389561,0.198405,3,7
Artist5,1.820298,1.365092,0.111127,3,7