Artist,energy,danceability,speechiness
ABBA,1.4596019999999998,0.895567,0.059239
Opeth,1.412393,0.578902,0.16107100000000002
Avicii,1.781567,1.1910340000000001,0.134829
Arch Enemy,1.111278,0.389561,0.198405
Swedish House Mafia,1.820298,1.365092,0.111127
